,name,position,country,overall_rating,dribbling,freekick_accuracy,agility,ball_control,interceptions,penalties
0,Hugo Hadrien Dominique Lloris,GK,France,88.0,10.0,10.0,55.0,34.0,27.0,40.0
1,Bacary Sagna,DF,France,74.0,73.0,47.0,66.0,74.0,76.0,59.0
2,Eric Sylvain Abidal,DF,France,50.0,50.0,28.0,52.0,38.0,54.0,31.0
3,Anthony Guy Marie Réveillère,DF,France,84.0,88.0,54.0,85.0,87.0,42.0,81.0
4,William Eric Gallas,DF,France,64.0,67.0,25.0,78.0,65.0,20.0,58.0
5,Marc Planus,DF,France,68.0,63.0,46.0,69.0,65.0,61.0,57.0
6,Franck Henry Pierre Ribéry,MF,France,83.0,84.0,81.0,84.0,87.0,33.0,78.0
7,Yoann Miguel Gourcuff,MF,France,71.6842105263158,57.473684210526315,42.1578947368421,65.10526315789474,61.21052631578947,48.94736842105263,50.578947368421055
8,Djibril Cissé,FW,France,66.0,70.0,35.0,86.0,66.0,20.0,66.0
9,Sidney Rodrigue Noukpo Govou,FW,France,71.6842105263158,57.473684210526315,42.1578947368421,65.10526315789474,61.21052631578947,48.94736842105263,50.578947368421055
10,André-Pierre Christian Gignac,FW,France,80.0,73.0,70.0,66.0,72.0,51.0,78.0
11,Thierry Daniel Henry,FW,France,65.0,44.0,40.0,55.0,50.0,62.0,30.0
12,Patrice Latyr Evra,DF,France,69.0,38.0,32.0,31.0,62.0,68.0,31.0
13,Jérémy Toulalan,MF,France,63.0,63.0,53.0,72.0,66.0,54.0,58.0
14,Florent Johan Malouda,MF,France,58.0,8.0,13.0,22.0,16.0,11.0,19.0
15,Steve Mandanda Mpidi,GK,France,82.0,15.0,12.0,52.0,17.0,23.0,11.0
16,Sébastien Jean-Baptiste Squillaci,DF,France,66.0,52.0,60.0,63.0,63.0,71.0,58.0
17,Alou Diarra,MF,France,76.0,76.0,37.0,78.0,80.0,74.0,52.0
18,Vassiriki Abou Diaby,MF,France,71.6842105263158,57.473684210526315,42.1578947368421,65.10526315789474,61.21052631578947,48.94736842105263,50.578947368421055
19,Mathieu Valbuena,MF,France,80.0,82.0,77.0,82.0,82.0,34.0,68.0
20,Nicolas Sébastien Anelka,FW,France,69.0,61.0,43.0,64.0,63.0,74.0,41.0
21,Gaël Dimitri Clichy,DF,France,77.0,75.0,38.0,77.0,76.0,75.0,45.0
22,Cédric Pascal Régis Carrasso,GK,France,71.6842105263158,57.473684210526315,42.1578947368421,65.10526315789474,61.21052631578947,48.94736842105263,50.578947368421055
23,Óscar Pérez Rojas,GK,Mexico,71.0,12.0,20.0,69.0,23.0,12.0,23.0
24,"Francisco Javier ""Maza"" Rodríguez Pineda",DF,Mexico,70.0,73.0,50.0,83.0,71.0,30.0,62.0
25,Carlos Arnoldo Salcido Flores,DF,Mexico,57.0,14.0,13.0,36.0,16.0,12.0,13.0
26,Rafael Márquez Álvarez,DF,Mexico,74.0,56.0,38.0,45.0,63.0,75.0,35.0
27,Ricardo Osorio Mendoza,DF,Mexico,73.0,79.0,66.0,78.0,80.0,40.0,56.0
28,Gerardo Torrado Díez de Bonilla,MF,Mexico,68.52631578947368,52.578947368421055,42.473684210526315,63.526315789473685,56.10526315789474,42.94736842105263,46.78947368421053
29,Pablo Edson Barrera Acosta,MF,Mexico,66.0,65.0,66.0,67.0,63.0,65.0,61.0
30,Israel Castro Macías,MF,Mexico,67.0,64.0,57.0,74.0,66.0,24.0,65.0
31,"Guillermo ""Guille"" Luis Franco Farquarson[2]",FW,Mexico,68.52631578947368,52.578947368421055,42.473684210526315,63.526315789473685,56.10526315789474,42.94736842105263,46.78947368421053
32,Cuauhtémoc Blanco Bravo,FW,Mexico,68.52631578947368,52.578947368421055,42.473684210526315,63.526315789473685,56.10526315789474,42.94736842105263,46.78947368421053
33,Carlos Alberto Vela Garrido,FW,Mexico,59.0,52.0,46.0,54.0,60.0,52.0,49.0
34,Paul Nicolás Aguilar Rojas,DF,Mexico,74.0,68.0,51.0,71.0,71.0,70.0,57.0
35,Francisco Guillermo Ochoa Magaña,GK,Mexico,69.0,27.0,25.0,31.0,35.0,67.0,38.0
36,Javier Hernández Balcázar,FW,Mexico,79.0,73.0,52.0,75.0,77.0,26.0,74.0
37,Héctor Alfredo Moreno Herrera,DF,Mexico,68.0,60.0,65.0,54.0,64.0,66.0,61.0
38,Efraín Juárez Valdez,DF,Mexico,68.52631578947368,52.578947368421055,42.473684210526315,63.526315789473685,56.10526315789474,42.94736842105263,46.78947368421053
39,Giovani dos Santos Ramírez,FW,Mexico,75.0,78.0,77.0,88.0,78.0,28.0,70.0
40,José Andrés Guardado Hernández,MF,Mexico,62.0,56.0,34.0,67.0,58.0,56.0,41.0
41,José Jonny Magallón Oliva,DF,Mexico,67.0,70.0,58.0,79.0,69.0,40.0,59.0
42,Jorge Emmanuel Torres Nilo,DF,Mexico,75.0,69.0,30.0,73.0,73.0,76.0,37.0
43,Adolfo Bautista Herrera,FW,Mexico,58.0,57.0,33.0,71.0,53.0,42.0,45.0
44,Alberto Medina Briseño,MF,Mexico,72.0,12.0,12.0,22.0,23.0,11.0,22.0
45,Luis Ernesto Michel Vergara,GK,Mexico,66.0,14.0,14.0,70.0,23.0,24.0,21.0
46,Moeneeb Josephs,GK,South Africa,61.0,69.0,41.0,78.0,65.0,23.0,60.0
47,Siboniso Gaxa,DF,South Africa,74.0,75.0,65.0,66.0,74.0,29.0,34.0
48,Peter Tsepo Masilela,DF,South Africa,61.0,58.0,37.0,57.0,61.0,37.0,43.0
49,Teboho Aaron Mokoena,DF,South Africa,65.0,66.0,62.0,52.0,75.0,33.0,48.0
50,Calvin Anele Ngcongca,DF,South Africa,65.84615384615384,60.92307692307692,50.53846153846154,64.46153846153847,62.76923076923077,41.0,51.23076923076923
51,Ntuthuko MacBeth-Mao Sibaya,MF,South Africa,65.84615384615384,60.92307692307692,50.53846153846154,64.46153846153847,62.76923076923077,41.0,51.23076923076923
52,Lance Davids,MF,South Africa,71.0,69.0,68.0,72.0,73.0,64.0,58.0
53,Lawrence Siphiwe Tshabalala,MF,South Africa,76.0,78.0,75.0,80.0,76.0,37.0,64.0
54,Katlego Abel Mphela,FW,South Africa,60.0,50.0,39.0,56.0,51.0,20.0,73.0
55,Steven Jerome Pienaar,MF,South Africa,51.0,11.0,11.0,30.0,15.0,13.0,12.0
56,Teko Tsholofelo Modise,MF,South Africa,65.84615384615384,60.92307692307692,50.53846153846154,64.46153846153847,62.76923076923077,41.0,51.23076923076923
57,"Reneilwe ""Yeye"" Letsholonyane",MF,South Africa,65.84615384615384,60.92307692307692,50.53846153846154,64.46153846153847,62.76923076923077,41.0,51.23076923076923
58,Kagisho Evidence Dikgacoi,MF,South Africa,65.84615384615384,60.92307692307692,50.53846153846154,64.46153846153847,62.76923076923077,41.0,51.23076923076923
59,Matthew Paul Booth,DF,South Africa,62.0,67.0,42.0,70.0,65.0,59.0,45.0
60,Lucas Bongane Thwala,DF,South Africa,68.0,74.0,72.0,79.0,72.0,49.0,65.0
61,Itumeleng Issac Khune,GK,South Africa,65.84615384615384,60.92307692307692,50.53846153846154,64.46153846153847,62.76923076923077,41.0,51.23076923076923
62,Bernard Parker,FW,South Africa,70.0,75.0,66.0,77.0,71.0,31.0,73.0
63,Siyabonga Eugene Nomvethe,FW,South Africa,65.0,29.0,29.0,47.0,45.0,66.0,37.0
64,Surprise Mohlomolleng Moriri,MF,South Africa,65.84615384615384,60.92307692307692,50.53846153846154,64.46153846153847,62.76923076923077,41.0,51.23076923076923
65,Bongani Sandile Khumalo,DF,South Africa,65.84615384615384,60.92307692307692,50.53846153846154,64.46153846153847,62.76923076923077,41.0,51.23076923076923
66,Doctor Siyabonga Sangweni,DF,South Africa,65.84615384615384,60.92307692307692,50.53846153846154,64.46153846153847,62.76923076923077,41.0,51.23076923076923
67,Shu-Aib Walters,GK,South Africa,72.0,71.0,50.0,74.0,73.0,72.0,54.0
68,Thanduyise Abraham Khuboni,MF,South Africa,65.84615384615384,60.92307692307692,50.53846153846154,64.46153846153847,62.76923076923077,41.0,51.23076923076923
69,Néstor Fernando Muslera Micol,GK,Uruguay,81.0,25.0,10.0,68.0,23.0,23.0,24.0
70,Diego Alfredo Lugano Morena,DF,Uruguay,72.0,81.0,76.0,66.0,79.0,26.0,70.0
71,Diego Roberto Godín Leal,DF,Uruguay,78.0,77.0,60.0,85.0,78.0,64.0,49.0
72,Jorge Ciro Fucile Perdomo,DF,Uruguay,71.05555555555556,68.72222222222223,50.72222222222222,74.72222222222223,68.05555555555556,48.666666666666664,54.333333333333336
73,Walter Alejandro Gargano Guevara,MF,Uruguay,82.0,83.0,82.0,85.0,82.0,80.0,51.0
74,Mauricio Bernardo Victorino Dansilo,DF,Uruguay,71.05555555555556,68.72222222222223,50.72222222222222,74.72222222222223,68.05555555555556,48.666666666666664,54.333333333333336
75,Edinson Roberto Cavani Gómez,FW,Uruguay,51.0,48.0,40.0,55.0,52.0,43.0,34.0
76,Sebastián Eguren Ledesma,MF,Uruguay,61.0,66.0,36.0,65.0,56.0,15.0,71.0
77,Luis Alberto Suárez Díaz,FW,Uruguay,91.0,86.0,84.0,82.0,88.0,41.0,85.0
78,Diego Forlán Corazzo,FW,Uruguay,60.0,61.0,35.0,75.0,56.0,55.0,45.0
79,Álvaro Daniel Pereira Barragán,MF,Uruguay,61.0,69.0,45.0,76.0,65.0,29.0,40.0
80,Juan Guillermo Castillo Iriart,GK,Uruguay,71.05555555555556,68.72222222222223,50.72222222222222,74.72222222222223,68.05555555555556,48.666666666666664,54.333333333333336
81,Washington Sebastián Abreu Gallo,FW,Uruguay,71.0,73.0,66.0,72.0,70.0,59.0,64.0
82,Marcelo Nicolás Lodeiro Benítez,MF,Uruguay,76.0,81.0,42.0,84.0,75.0,57.0,69.0
83,Diego Fernando Pérez Aguado,MF,Uruguay,60.0,59.0,38.0,72.0,61.0,47.0,47.0
84,Victorio Maximiliano,DF,Uruguay,68.0,73.0,47.0,77.0,75.0,20.0,54.0
85,Egidio Raúl Arévalo Ríos,MF,Uruguay,71.05555555555556,68.72222222222223,50.72222222222222,74.72222222222223,68.05555555555556,48.666666666666664,54.333333333333336
86,Ignacio 'Nacho' María González Gatti,MF,Uruguay,80.0,86.0,55.0,87.0,84.0,55.0,80.0
87,Andrés Scotti Ponce de León,DF,Uruguay,71.05555555555556,68.72222222222223,50.72222222222222,74.72222222222223,68.05555555555556,48.666666666666664,54.333333333333336
88,Álvaro Fernández,MF,Uruguay,65.0,68.0,53.0,68.0,70.0,52.0,49.0
89,Sebastián Bruno Fernández Miglierina,FW,Uruguay,71.0,69.0,65.0,67.0,72.0,58.0,55.0
90,José Martín Cáceres Silva,DF,Uruguay,78.0,60.0,41.0,79.0,66.0,80.0,50.0
91,Martín Andrés Silva Leites,GK,Uruguay,73.0,72.0,38.0,82.0,73.0,72.0,41.0
92,Diego Raúl Pozo,GK,Argentina,63.0,51.0,29.0,61.0,53.0,58.0,33.0
93,Martín Gastón Demichelis,DF,Argentina,71.71428571428571,50.095238095238095,39.714285714285715,64.38095238095238,56.42857142857143,42.476190476190474,44.80952380952381
94,Clemente Juan Rodríguez,DF,Argentina,68.0,64.0,53.0,71.0,67.0,67.0,48.0
95,Nicolás Andrés Burdisso,DF,Argentina,67.0,64.0,68.0,81.0,63.0,27.0,48.0
96,Mario Ariel Bolatti,MF,Argentina,65.0,10.0,10.0,49.0,14.0,24.0,23.0
97,Gabriel Iván Heinze,DF,Argentina,64.0,56.0,25.0,73.0,58.0,65.0,36.0
98,Ángel Fabián Di María,MF,Argentina,74.0,76.0,67.0,87.0,77.0,43.0,69.0
99,Juan Sebastián Verón,MF,Argentina,55.0,7.0,11.0,37.0,18.0,14.0,10.0
100,Gonzalo Gerardo Higuaín,FW,Argentina,87.0,83.0,62.0,75.0,84.0,20.0,70.0
101,Argentine professional footballer,FW,Argentina,71.71428571428571,50.095238095238095,39.714285714285715,64.38095238095238,56.42857142857143,42.476190476190474,44.80952380952381
102,Carlos Alberto Tevez,FW,Argentina,65.0,54.0,40.0,57.0,63.0,62.0,52.0
103,"Ariel Hernán ""Chino"" Garcé",DF,Argentina,70.0,11.0,13.0,38.0,15.0,24.0,19.0
104,Walter Adrián Samuel,DF,Argentina,61.0,63.0,33.0,79.0,62.0,17.0,62.0
105,Javier Alejandro Mascherano,MF,Argentina,80.0,58.0,50.0,72.0,80.0,85.0,60.0
106,Nicolás Hernán Gonzalo Otamendi,DF,Argentina,84.0,51.0,39.0,64.0,70.0,83.0,45.0
107,Sergio Leonel Agüero del Castillo,FW,Argentina,89.0,89.0,73.0,86.0,89.0,24.0,83.0
108,Jonás Manuel Gutiérrez,MF,Argentina,72.0,71.0,68.0,64.0,73.0,66.0,72.0
109,Martín Palermo,FW,Argentina,73.0,48.0,44.0,48.0,66.0,70.0,38.0
110,Diego Alberto Milito,FW,Argentina,63.0,7.0,11.0,65.0,11.0,13.0,16.0
111,"Maximiliano ""Maxi"" Rubén Rodríguez",MF,Argentina,71.0,75.0,40.0,74.0,76.0,20.0,45.0
112,Mariano Andújar,GK,Argentina,74.0,16.0,16.0,40.0,20.0,20.0,23.0
113,Sergio Germán Romero,GK,Argentina,80.0,12.0,13.0,52.0,40.0,21.0,16.0
114,Javier Matías Pastore,MF,Argentina,81.0,86.0,69.0,79.0,86.0,69.0,73.0
115,"Konstantinos ""Kostas"" Chalkias",GK,Greece,74.0,68.0,59.0,62.0,68.0,73.0,54.0
116,"Georgios ""Giourkas"" Seitaridis",DF,Greece,57.0,53.0,31.0,55.0,47.0,55.0,35.0
117,Christos Patsatzoglou,DF,Greece,63.0,64.0,58.0,70.0,60.0,45.0,58.0
118,Nikos Spyropoulos,DF,Greece,70.0,48.0,40.0,66.0,54.0,72.0,40.0
119,Vangelis Moras,DF,Greece,60.0,62.0,35.0,52.0,63.0,60.0,40.0
120,Alexandros Tziolis,MF,Greece,70.0,55.0,59.0,43.0,69.0,69.0,58.0
121,Georgios Samaras,FW,Greece,57.0,53.0,31.0,55.0,47.0,55.0,35.0
122,Avraam Papadopoulos,DF,Greece,68.0,54.0,60.0,59.0,58.0,65.0,69.0
123,Angelos Charisteas,FW,Greece,80.0,66.0,22.0,61.0,73.0,82.0,36.0
124,Georgios Karagkounis,MF,Greece,60.0,63.0,33.0,64.0,60.0,56.0,37.0
125,Loukas Vyntra,DF,Greece,69.0,66.0,29.0,74.0,68.0,66.0,49.0
126,Alexandros Tzorvas,GK,Greece,70.0,55.0,59.0,43.0,69.0,69.0,58.0
127,Michalis Sifakis,GK,Greece,72.0,71.0,59.0,80.0,69.0,62.0,57.0
128,Dimitris Salpingidis,FW,Greece,72.0,77.0,66.0,77.0,73.0,26.0,55.0
129,Vasilis Torosidis,DF,Greece,73.0,68.0,40.0,65.0,70.0,76.0,50.0
130,Sotirios Kyrgiakos,DF,Greece,69.0,58.0,29.0,62.0,65.0,60.0,32.0
131,Theofanis,FW,Greece,52.0,49.0,27.0,56.0,47.0,18.0,56.0
132,Sotiris Ninis,MF,Greece,73.0,13.0,19.0,60.0,24.0,21.0,28.0
133,Sokratis Papastathopoulos,DF,Greece,83.0,58.0,35.0,60.0,58.0,76.0,24.0
134,Pantelis Kapetanos,FW,Greece,69.0,52.0,37.0,61.0,63.0,69.0,40.0
135,Kostas Katsouranis,MF,Greece,67.0,13.0,17.0,69.0,19.0,11.0,32.0
136,Stelios Malezas,DF,Greece,71.0,44.0,30.0,51.0,58.0,71.0,37.0
137,"Athanasios ""Sakis"" Prittas",MF,Greece,73.0,68.0,74.0,68.0,72.0,44.0,63.0
138,Vincent Enyeama,GK,Nigeria,73.0,70.0,44.0,66.0,73.0,75.0,58.0
139,Joseph Michael Yobo,DF,Nigeria,74.0,35.0,28.0,63.0,48.0,71.0,31.0
140,Taye Ismaila Taiwo,DF,Nigeria,64.41666666666667,54.083333333333336,38.416666666666664,60.833333333333336,56.0,47.5,43.166666666666664
141,Nwankwo Kanu,FW,Nigeria,63.0,64.0,62.0,60.0,64.0,60.0,42.0
142,Rabiu Afolabi,DF,Nigeria,55.0,49.0,29.0,58.0,47.0,52.0,34.0
143,Daniel Olusola Shittu,DF,Nigeria,65.0,12.0,10.0,29.0,22.0,8.0,16.0
144,John Chukwudi Utaka,FW,Nigeria,64.41666666666667,54.083333333333336,38.416666666666664,60.833333333333336,56.0,47.5,43.166666666666664
145,Yakubu Ayegbeni,FW,Nigeria,65.0,58.0,42.0,74.0,67.0,64.0,40.0
146,Obafemi Akinwunmi Martins,FW,Nigeria,64.41666666666667,54.083333333333336,38.416666666666664,60.833333333333336,56.0,47.5,43.166666666666664
147,Aide Brown Ideye,FW,Nigeria,64.41666666666667,54.083333333333336,38.416666666666664,60.833333333333336,56.0,47.5,43.166666666666664
148,Peter Osaze Odemwingie,FW,Nigeria,64.41666666666667,54.083333333333336,38.416666666666664,60.833333333333336,56.0,47.5,43.166666666666664
149,Kalu Uche,FW,Nigeria,66.0,64.0,32.0,71.0,62.0,17.0,52.0
150,Atanda Ayila Yussuf,MF,Nigeria,64.41666666666667,54.083333333333336,38.416666666666664,60.833333333333336,56.0,47.5,43.166666666666664
151,Sani Haruna Kaita,MF,Nigeria,56.0,55.0,51.0,54.0,58.0,28.0,60.0
152,Lukman Abdulkarim Haruna,MF,Nigeria,55.0,45.0,27.0,50.0,31.0,60.0,32.0
153,"Augustine ""Austin"" Amamchukwu Ejide",GK,Nigeria,64.41666666666667,54.083333333333336,38.416666666666664,60.833333333333336,56.0,47.5,43.166666666666664
154,Chukwudi Odiah,DF,Nigeria,64.41666666666667,54.083333333333336,38.416666666666664,60.833333333333336,56.0,47.5,43.166666666666664
155,Victor Nsofor Obinna,FW,Nigeria,71.0,56.0,35.0,58.0,64.0,67.0,37.0
156,"Chinedu Ogbuke ""Edu"" Obasi",FW,Nigeria,72.0,75.0,68.0,76.0,74.0,48.0,66.0
157,Dickson Paul Etuhu,MF,Nigeria,64.41666666666667,54.083333333333336,38.416666666666664,60.833333333333336,56.0,47.5,43.166666666666664
158,Elderson Uwa Echiéjilé,DF,Nigeria,64.41666666666667,54.083333333333336,38.416666666666664,60.833333333333336,56.0,47.5,43.166666666666664
159,"Ayodele ""Dele"" Adeleye",DF,Nigeria,58.0,66.0,33.0,71.0,62.0,20.0,50.0
160,Bamidele Mathew Aiyenugba,GK,Nigeria,64.41666666666667,54.083333333333336,38.416666666666664,60.833333333333336,56.0,47.5,43.166666666666664
161,Lee Woon-jae,GK,South Korea,62.0,59.0,33.0,68.0,60.0,54.0,33.0
162,Oh Beom-Seok,DF,South Korea,65.55555555555556,61.22222222222222,52.333333333333336,68.0,61.888888888888886,38.111111111111114,57.44444444444444
163,Kim Hyung-Il,DF,South Korea,65.55555555555556,61.22222222222222,52.333333333333336,68.0,61.888888888888886,38.111111111111114,57.44444444444444
164,Cho Yong-Hyung,DF,South Korea,65.55555555555556,61.22222222222222,52.333333333333336,68.0,61.888888888888886,38.111111111111114,57.44444444444444
165,Kim Nam-il,MF,South Korea,65.55555555555556,61.22222222222222,52.333333333333336,68.0,61.888888888888886,38.111111111111114,57.44444444444444
166,Kim Bo-kyung,MF,South Korea,65.55555555555556,61.22222222222222,52.333333333333336,68.0,61.888888888888886,38.111111111111114,57.44444444444444
167,Park Ji-sung,MF,South Korea,65.55555555555556,61.22222222222222,52.333333333333336,68.0,61.888888888888886,38.111111111111114,57.44444444444444
168,Kim Jung-woo,MF,South Korea,65.55555555555556,61.22222222222222,52.333333333333336,68.0,61.888888888888886,38.111111111111114,57.44444444444444
169,Ahn Jung-hwan,FW,South Korea,65.55555555555556,61.22222222222222,52.333333333333336,68.0,61.888888888888886,38.111111111111114,57.44444444444444
170,Park Chu-young,FW,South Korea,77.0,74.0,42.0,69.0,76.0,14.0,68.0
171,Lee Seung-yeoul,FW,South Korea,63.0,59.0,61.0,73.0,58.0,30.0,65.0
172,Lee Young-pyo,DF,South Korea,63.0,59.0,61.0,73.0,58.0,30.0,65.0
173,Kim Jae-sung,MF,South Korea,65.55555555555556,61.22222222222222,52.333333333333336,68.0,61.888888888888886,38.111111111111114,57.44444444444444
174,Lee Jung-soo,DF,South Korea,63.0,59.0,61.0,73.0,58.0,30.0,65.0
175,Kim Dong-jin,DF,South Korea,65.55555555555556,61.22222222222222,52.333333333333336,68.0,61.888888888888886,38.111111111111114,57.44444444444444
176,Ki Sung-yueng,MF,South Korea,65.55555555555556,61.22222222222222,52.333333333333336,68.0,61.888888888888886,38.111111111111114,57.44444444444444
177,Lee Chung-yong,FW,South Korea,70.0,63.0,57.0,61.0,64.0,28.0,65.0
178,Jung Sung-ryong,GK,South Korea,65.55555555555556,61.22222222222222,52.333333333333336,68.0,61.888888888888886,38.111111111111114,57.44444444444444
179,Yeom Ki-Hun,FW,South Korea,65.55555555555556,61.22222222222222,52.333333333333336,68.0,61.888888888888886,38.111111111111114,57.44444444444444
180,Lee Dong-gook,FW,South Korea,63.0,59.0,61.0,73.0,58.0,30.0,65.0
181,Kim Young-kwang,GK,South Korea,65.55555555555556,61.22222222222222,52.333333333333336,68.0,61.888888888888886,38.111111111111114,57.44444444444444
182,Cha Du-ri,DF,South Korea,67.0,56.0,60.0,49.0,65.0,70.0,50.0
183,Kang Min-soo,DF,South Korea,62.0,63.0,35.0,73.0,60.0,57.0,41.0
184,Lounès Gaouaoui,GK,Algeria,60.0,11.0,12.0,33.0,17.0,13.0,17.0
185,Madjid Bougherra,DF,Algeria,71.0,72.0,72.0,68.0,72.0,58.0,54.0
186,Nadir Belhadj,DF,Algeria,71.0,71.0,68.0,78.0,71.0,41.0,62.0
187,Antar Yahia,DF,Algeria,68.0,70.0,67.0,75.0,73.0,70.0,64.0
188,Rafik Halliche,DF,Algeria,73.0,46.0,36.0,54.0,56.0,73.0,50.0
189,Yazid Mansouri,MF,Algeria,62.0,61.0,46.0,59.0,63.0,57.0,45.0
190,Ryad Boudebouz,MF,Algeria,79.0,80.0,82.0,78.0,78.0,35.0,90.0
191,Medhi Gregory Giuseppe Lacen,MF,Algeria,70.0,67.0,70.0,74.0,72.0,67.0,59.0
192,Abdelkader Mohamed Ghezzal,FW,Algeria,64.0,27.0,21.0,32.0,48.0,61.0,55.0
193,Rafik Saïfi,FW,Algeria,73.0,46.0,36.0,54.0,56.0,73.0,50.0
194,Rafik Zoheir Djebbour,FW,Algeria,68.35,57.6,51.8,63.4,62.0,55.75,53.15
195,Habib Mohamed Bellaïd,DF,Algeria,65.0,66.0,62.0,89.0,67.0,52.0,42.0
196,Karim Matmour,FW,Algeria,67.0,60.0,65.0,73.0,65.0,66.0,58.0
197,Abdelkader Laïfaoui,DF,Algeria,65.0,71.0,39.0,77.0,70.0,18.0,67.0
198,Karim Koceila Yanis Ziani,MF,Algeria,68.0,69.0,79.0,82.0,68.0,51.0,68.0
199,Faouzi Chaouchi,GK,Algeria,81.0,79.0,68.0,72.0,80.0,76.0,76.0
200,Adlène Guedioura,MF,Algeria,71.0,75.0,55.0,64.0,72.0,66.0,56.0
201,Carl Medjani,DF,Algeria,72.0,59.0,45.0,51.0,59.0,68.0,45.0
202,Hassan Yebda,MF,Algeria,56.0,21.0,31.0,54.0,33.0,57.0,35.0
203,Djamel Eddine Mesbah,DF,Algeria,71.0,44.0,27.0,51.0,58.0,63.0,34.0
204,Foued Kadir,MF,Algeria,68.35,57.6,51.8,63.4,62.0,55.75,53.15
205,Djamel Abdoun,MF,Algeria,60.0,57.0,55.0,50.0,62.0,50.0,36.0
206,Adi Raïs Cobos Adrien Ouahab M'Bolhi,GK,Algeria,68.35,57.6,51.8,63.4,62.0,55.75,53.15
207,David Benjamin James,GK,England,69.0,66.0,72.0,63.0,67.0,65.0,58.0
208,Glen McLeod Cooper Johnson,DF,England,70.0,19.0,19.0,44.0,20.0,18.0,16.0
209,Ashley Cole,DF,England,71.0,70.0,46.0,74.0,72.0,69.0,58.0
210,Steven George Gerrard,MF,England,72.0,63.0,29.0,74.0,64.0,74.0,37.0
211,Michael Richard Dawson,DF,England,70.0,17.0,11.0,44.0,59.0,66.0,44.0
212,John George Terry,DF,England,54.0,48.0,32.0,62.0,54.0,49.0,35.0
213,Aaron Justin Lennon,MF,England,76.0,81.0,55.0,87.0,78.0,52.0,62.0
214,Frank James Lampard,MF,England,69.0,71.0,26.0,77.0,70.0,66.0,30.0
215,Peter James Crouch,FW,England,72.0,62.0,50.0,46.0,77.0,27.0,74.0
216,Wayne Mark Rooney,FW,England,80.0,74.0,83.0,66.0,80.0,56.0,81.0
217,Joseph John Cole,MF,England,56.0,58.0,36.0,74.0,56.0,36.0,46.0
218,Robert Paul Green,GK,England,70.0,14.0,13.0,44.0,15.0,20.0,21.0
219,Stephen Warnock,DF,England,74.0,69.0,55.0,63.0,73.0,76.0,62.0
220,Gareth  Barry,MF,England,72.0,68.0,71.0,43.0,76.0,68.0,72.0
221,Matthew James Upson,DF,England,59.0,12.0,11.0,37.0,20.0,24.0,17.0
222,James Philip Milner,MF,England,81.0,76.0,75.0,69.0,79.0,79.0,86.0
223,Shaun Cameron Wright-Phillips,MF,England,69.77777777777777,55.72222222222222,43.388888888888886,62.22222222222222,60.94444444444444,51.166666666666664,50.94444444444444
224,James Lee Duncan Carragher,DF,England,69.77777777777777,55.72222222222222,43.388888888888886,62.22222222222222,60.94444444444444,51.166666666666664,50.94444444444444
225,Jermain Colin Defoe,FW,England,77.0,74.0,68.0,77.0,77.0,19.0,74.0
226,Ledley Brenton King,DF,England,69.77777777777777,55.72222222222222,43.388888888888886,62.22222222222222,60.94444444444444,51.166666666666664,50.94444444444444
227,Emile William Ivanhoe Heskey,FW,England,69.77777777777777,55.72222222222222,43.388888888888886,62.22222222222222,60.94444444444444,51.166666666666664,50.94444444444444
228,Michael Carrick,MF,England,64.0,61.0,29.0,76.0,60.0,57.0,44.0
229,Charles Joseph John Hart,GK,England,69.77777777777777,55.72222222222222,43.388888888888886,62.22222222222222,60.94444444444444,51.166666666666664,50.94444444444444
230,Samir Handanović,GK,Slovenia,88.0,12.0,14.0,47.0,16.0,22.0,23.0
231,Mišo Brečko,DF,Slovenia,57.0,58.0,35.0,67.0,48.0,53.0,45.0
232,Elvedin Džinić,DF,Slovenia,65.0,59.0,30.0,66.0,64.0,20.0,61.0
233,Marko Šuler,DF,Slovenia,59.0,17.0,10.0,48.0,23.0,19.0,7.0
234,Boštjan Cesar,DF,Slovenia,73.0,54.0,27.0,30.0,58.0,78.0,46.0
235,Branko Ilić,DF,Slovenia,65.0,45.0,59.0,58.0,60.0,63.0,55.0
236,Nejc Pečnik,FW,Slovenia,70.4090909090909,55.72727272727273,44.72727272727273,62.22727272727273,58.31818181818182,40.59090909090909,52.90909090909091
237,Robert Koren,MF,Slovenia,70.0,14.0,13.0,44.0,15.0,20.0,21.0
238,Zlatan Ljubijankić,FW,Slovenia,66.0,67.0,70.0,76.0,64.0,61.0,57.0
239,Valter Birsa,FW,Slovenia,80.0,84.0,78.0,68.0,86.0,49.0,76.0
240,Milivoje Novaković,FW,Slovenia,64.0,66.0,37.0,70.0,65.0,25.0,57.0
241,Jasmin Handanović,GK,Slovenia,88.0,12.0,14.0,47.0,16.0,22.0,23.0
242,Bojan Jokić,DF,Slovenia,75.0,62.0,59.0,71.0,74.0,74.0,49.0
243,Zlatko Dedić,FW,Slovenia,67.0,67.0,61.0,72.0,68.0,33.0,70.0
244,Rene Krhin,MF,Slovenia,73.0,59.0,49.0,45.0,70.0,74.0,58.0
245,Aleksander Šeliga,GK,Slovenia,64.0,62.0,68.0,61.0,59.0,64.0,58.0
246,Andraž Kirm,MF,Slovenia,69.0,70.0,49.0,75.0,74.0,11.0,69.0
247,Aleksandar Radosavljević,MF,Slovenia,70.0,73.0,57.0,78.0,70.0,37.0,59.0
248,Suad Fileković,DF,Slovenia,56.0,57.0,28.0,76.0,56.0,17.0,62.0
249,Andrej Komac,MF,Slovenia,83.0,87.0,74.0,82.0,86.0,21.0,91.0
250,Dalibor Stevanović,MF,Slovenia,70.0,73.0,60.0,76.0,73.0,40.0,47.0
251,Matej Mavrič Rožič,DF,Slovenia,73.0,59.0,37.0,52.0,64.0,70.0,60.0
252,Tim Matavž,FW,Slovenia,74.0,69.0,55.0,60.0,74.0,20.0,70.0
253,Timothy Matthew Howard,GK,United States,72.0,13.0,14.0,38.0,29.0,17.0,33.0
254,Jonathan Michael Paul Spector,DF,United States,66.0,76.0,34.0,78.0,68.0,16.0,78.0
255,Carlos Manuel Bocanegra,DF,United States,74.0,80.0,42.0,90.0,74.0,49.0,65.0
256,Michael Sheehan Bradley,MF,United States,76.0,73.0,71.0,65.0,77.0,70.0,65.0
257,Oguchialu Chijioke Onyewu,DF,United States,69.10526315789474,60.78947368421053,48.1578947368421,70.42105263157895,64.6842105263158,50.10526315789474,54.31578947368421
258,Steven Emil Cherundolo,DF,United States,69.10526315789474,60.78947368421053,48.1578947368421,70.42105263157895,64.6842105263158,50.10526315789474,54.31578947368421
259,DaMarcus Lamont Beasley,MF,United States,70.0,66.0,62.0,77.0,67.0,65.0,59.0
260,Clinton Drew Dempsey,MF,United States,65.0,70.0,66.0,69.0,69.0,45.0,48.0
261,Hérculez Gómez Hurtado,FW,United States,62.0,33.0,33.0,44.0,52.0,60.0,46.0
262,Landon Timothy Donovan,MF,United States,69.10526315789474,60.78947368421053,48.1578947368421,70.42105263157895,64.6842105263158,50.10526315789474,54.31578947368421
263,Stuart Alistair Holden,MF,United States,75.0,75.0,70.0,84.0,73.0,67.0,52.0
264,Jonathan Rey Bornstein,DF,United States,64.0,63.0,36.0,75.0,61.0,26.0,64.0
265,Ricardo Anthony Clark,MF,United States,66.0,60.0,48.0,63.0,65.0,62.0,63.0
266,Edson Michael Buddle,FW,United States,76.0,73.0,71.0,65.0,77.0,70.0,65.0
267,Jay Michael DeMerit,DF,United States,80.0,75.0,81.0,85.0,84.0,71.0,67.0
268,José Francisco Torres Mezzell,MF,United States,68.0,64.0,67.0,78.0,70.0,67.0,58.0
269,Josmer Volmy,FW,United States,67.0,61.0,21.0,83.0,63.0,73.0,30.0
270,Bradley Edwin Guzan,GK,United States,73.0,14.0,11.0,37.0,28.0,19.0,35.0
271,Maurice Edu,MF,United States,59.0,71.0,44.0,78.0,67.0,26.0,45.0
272,Robert Findley,FW,United States,69.0,60.0,31.0,75.0,68.0,64.0,38.0
273,Clarence Edgar Goodson IV,DF,United States,69.10526315789474,60.78947368421053,48.1578947368421,70.42105263157895,64.6842105263158,50.10526315789474,54.31578947368421
274,Benny Feilhaber,MF,United States,75.0,74.0,74.0,79.0,79.0,58.0,78.0
275,Marcus Stephen Hahnemann,GK,United States,56.0,54.0,39.0,75.0,58.0,27.0,43.0
276,Mark Schwarzer,GK,Australia,64.0,55.0,38.0,69.0,62.0,59.0,48.0
277,Lucas Edward Neill,DF,Australia,63.0,65.0,40.0,79.0,63.0,37.0,41.0
278,Craig Andrew Moore,DF,Australia,67.0,72.0,62.0,84.0,72.0,52.0,55.0
279,Timothy Filiga Cahill,MF,Australia,69.0,69.0,41.0,75.0,66.0,22.0,60.0
280,Jason Culina,MF,Australia,67.0,70.0,35.0,67.0,67.0,45.0,68.0
281,Michael Francis Beauchamp,DF,Australia,70.0,56.0,25.0,68.0,67.0,68.0,41.0
282,Brett Michael Emerton,MF,Australia,60.0,59.0,44.0,51.0,61.0,20.0,61.0
283,Luke Wilkshire,DF,Australia,61.0,19.0,55.0,67.0,33.0,60.0,44.0
284,Joshua Blake Kennedy,FW,Australia,68.0,63.0,56.0,73.0,64.0,70.0,51.0
285,Harry Kewell,FW,Australia,66.0,62.0,57.0,57.0,64.0,59.0,65.0
286,Scott Kenneth Chipperfield,DF,Australia,74.0,73.0,59.0,69.0,74.0,64.0,57.0
287,Adam Jay Federici,GK,Australia,71.0,19.0,21.0,50.0,27.0,22.0,41.0
288,"Vincenzo ""Vince"" Grella",MF,Australia,67.0,65.0,69.0,64.0,67.0,35.0,72.0
289,Brett Trevor Holman,FW,Australia,69.0,67.0,61.0,67.0,69.0,60.0,66.0
290,Michael John,MF,Australia,65.0,70.0,44.0,86.0,68.0,20.0,44.0
291,Carl Valeri,MF,Australia,65.0,59.0,54.0,59.0,59.0,64.0,57.0
292,Nikita Vadymovych Rukavytsya,FW,Australia,66.13636363636364,57.72727272727273,47.22727272727273,66.63636363636364,59.90909090909091,47.95454545454545,53.09090909090909
293,Eugen Josip Galekovic,GK,Australia,66.0,21.0,12.0,35.0,24.0,25.0,21.0
294,Richard Garcia,MF,Australia,67.0,61.0,37.0,71.0,62.0,56.0,28.0
295,Mark Daniel Milligan,DF,Australia,72.0,62.0,62.0,64.0,66.0,68.0,80.0
296,David Raymond Carney,DF,Australia,59.0,58.0,56.0,70.0,57.0,55.0,53.0
297,Dario Vidošić,MF,Australia,67.0,66.0,65.0,66.0,68.0,46.0,73.0
298,Mark Bresciano,MF,Australia,58.0,59.0,46.0,75.0,58.0,48.0,42.0
299,Manuel Peter Neuer,GK,Germany,89.0,30.0,11.0,51.0,46.0,30.0,47.0
300,Marcell Jansen,MF,Germany,60.0,41.0,32.0,42.0,39.0,59.0,39.0
301,Arne Friedrich,DF,Germany,71.0,38.0,26.0,54.0,55.0,69.0,38.0
302,Dennis Aogo,DF,Germany,75.0,74.0,73.0,72.0,74.0,74.0,64.0
303,Serdar Tasci,DF,Germany,77.0,63.0,45.0,59.0,71.0,74.0,42.0
304,Sami Khedira,MF,Germany,84.0,81.0,68.0,55.0,84.0,86.0,69.0
305,Bastian Schweinsteiger,MF,Germany,79.0,71.0,74.0,61.0,78.0,73.0,77.0
306,Mesut Özil,MF,Germany,85.0,84.0,77.0,79.0,90.0,24.0,67.0
307,Stefan Kießling,FW,Germany,63.0,66.0,32.0,65.0,63.0,21.0,56.0
308,Lukas Josef Podolski,MF,Germany,77.0,78.0,75.0,67.0,78.0,36.0,83.0
309,Miroslav Josef Klose,FW,Germany,67.0,56.0,57.0,34.0,64.0,70.0,49.0
310,Tim Wiese,GK,Germany,59.0,12.0,16.0,39.0,20.0,14.0,20.0
311,Thomas Müller,MF,Germany,86.0,75.0,59.0,75.0,82.0,58.0,60.0
312,Holger Felix Badstuber,DF,Germany,76.0,48.0,74.0,40.0,67.0,78.0,64.0
313,Piotr Artur Trochowski,MF,Germany,74.95238095238095,58.42857142857143,50.42857142857143,58.0,64.61904761904762,54.42857142857143,53.23809523809524
314,Philipp Lahm,DF,Germany,77.0,73.0,74.0,77.0,77.0,71.0,41.0
315,Per Mertesacker,DF,Germany,71.0,68.0,70.0,80.0,68.0,48.0,54.0
316,Toni Kroos,MF,Germany,90.0,81.0,84.0,70.0,90.0,76.0,73.0
317,Claudemir Jerônimo Barreto,FW,Germany,62.0,34.0,28.0,49.0,55.0,62.0,44.0
318,Jérôme Agyenim Boateng,DF,Germany,85.0,64.0,31.0,56.0,70.0,81.0,46.0
319,Marko Marin,MF,Germany,62.0,19.0,17.0,31.0,15.0,19.0,16.0
320,Hans-Jörg Butt,GK,Germany,74.95238095238095,58.42857142857143,50.42857142857143,58.0,64.61904761904762,54.42857142857143,53.23809523809524
321,Mario Gómez García,FW,Germany,79.0,71.0,36.0,62.0,71.0,20.0,69.0
322,Daniel Yaw Agyei,GK,Ghana,62.0,60.0,33.0,66.0,59.0,25.0,59.0
323,Hans Adu Sarpei,DF,Ghana,60.0,57.0,41.0,67.0,61.0,54.0,43.0
324,Asamoah Gyan,FW,Ghana,74.0,72.0,55.0,69.0,73.0,26.0,70.0
325,John Paintsil,DF,Ghana,71.0,76.0,38.0,88.0,72.0,31.0,48.0
326,John Mensah,DF,Ghana,71.0,46.0,31.0,54.0,55.0,70.0,44.0
327,Anthony Gildas Kofi Annan,MF,Ghana,62.0,60.0,56.0,70.0,61.0,50.0,59.0
328,Samuel Inkoom,DF,Ghana,65.0,48.0,26.0,61.0,48.0,60.0,47.0
329,Jonathan Mensah,DF,Ghana,71.0,46.0,31.0,54.0,55.0,70.0,44.0
330,Derek Owusu Boateng,MF,Ghana,85.0,64.0,31.0,56.0,70.0,81.0,46.0
331,Stephen Leroy Appiah,MF,Ghana,62.0,60.0,32.0,52.0,55.0,59.0,42.0
332,"Suleyman Ali ""Sulley"" Muntari",MF,Ghana,70.0,69.0,60.0,64.0,71.0,76.0,70.0
333,Prince Tagoe,FW,Ghana,71.0,65.0,65.0,68.0,69.0,72.0,52.0
334,André Morgan Rami Ayew,MF,Ghana,77.0,78.0,57.0,86.0,77.0,52.0,71.0
335,Mathew Amoah,FW,Ghana,62.0,67.0,42.0,70.0,65.0,59.0,45.0
336,Isaac Vorsah,DF,Ghana,65.0,63.0,27.0,74.0,61.0,42.0,60.0
337,Stephen Ahorlu,GK,Ghana,60.0,43.0,39.0,56.0,55.0,56.0,49.0
338,Ibrahim Abdul Rahim Ayew,DF,Ghana,73.0,68.0,55.0,71.0,70.0,70.0,49.0
339,Dominic Adiyiah,FW,Ghana,61.0,27.0,26.0,59.0,42.0,60.0,31.0
340,Lee Addy,DF,Ghana,69.23809523809524,62.476190476190474,45.19047619047619,67.71428571428571,64.95238095238095,56.285714285714285,52.80952380952381
341,Quincy Jamie Owusu-Abeyie,MF,Ghana,69.23809523809524,62.476190476190474,45.19047619047619,67.71428571428571,64.95238095238095,56.285714285714285,52.80952380952381
342,Kwadwo Asamoah,MF,Ghana,79.0,82.0,68.0,85.0,81.0,78.0,64.0
343,Richard Kingson,GK,Ghana,72.0,82.0,65.0,75.0,80.0,20.0,49.0
344,Kevin-Prince Boateng,MF,Ghana,81.0,79.0,71.0,77.0,84.0,71.0,67.0
345,Vladimir Stojković,GK,Serbia,65.0,68.0,34.0,77.0,64.0,62.0,41.0
346,Antonio Rukavina,DF,Serbia,60.0,61.0,54.0,62.0,64.0,31.0,52.0
347,Aleksandar Kolarov,DF,Serbia,83.0,80.0,88.0,63.0,77.0,82.0,80.0
348,Gojko Kačar,MF,Serbia,69.4,61.3,49.8,58.6,65.55,53.85,53.05
349,Nemanja Vidić,DF,Serbia,64.0,37.0,32.0,58.0,58.0,63.0,46.0
350,Branislav Ivanović,DF,Serbia,70.0,73.0,51.0,69.0,71.0,59.0,59.0
351,Zoran Tošić,MF,Serbia,65.0,53.0,37.0,47.0,58.0,66.0,36.0
352,Danko Lazović,FW,Serbia,74.0,78.0,74.0,76.0,78.0,30.0,49.0
353,Marko Pantelić,FW,Serbia,63.0,64.0,40.0,39.0,66.0,16.0,64.0
354,Dejan Stanković,MF,Serbia,64.0,17.0,15.0,34.0,20.0,18.0,21.0
355,Nenad Milijaš,MF,Serbia,69.4,61.3,49.8,58.6,65.55,53.85,53.05
356,Bojan Isailović,GK,Serbia,69.0,53.0,30.0,36.0,60.0,70.0,39.0
357,Aleksandar Luković,DF,Serbia,68.0,37.0,32.0,46.0,57.0,67.0,34.0
358,"Milan ""Lane"" Jovanović",MF,Serbia,67.0,68.0,47.0,67.0,67.0,27.0,66.0
359,Nikola Žigić,FW,Serbia,79.0,73.0,54.0,69.0,78.0,42.0,70.0
360,Ivan Obradović,DF,Serbia,70.0,66.0,63.0,67.0,68.0,71.0,50.0
361,Miloš Krasić,MF,Serbia,71.0,57.0,75.0,49.0,64.0,73.0,70.0
362,Miloš Ninković,MF,Serbia,75.0,76.0,64.0,82.0,78.0,58.0,70.0
363,Radosav Petrović,MF,Serbia,75.0,65.0,33.0,41.0,70.0,78.0,47.0
364,Neven Subotić,DF,Serbia,69.4,61.3,49.8,58.6,65.55,53.85,53.05
365,Dragan Mrđa,FW,Serbia,61.0,59.0,36.0,60.0,64.0,50.0,29.0
366,Zdravko Kuzmanović,MF,Serbia,71.0,64.0,68.0,52.0,71.0,72.0,69.0
367,Anđelko Đuričić,GK,Serbia,74.0,77.0,69.0,78.0,78.0,42.0,69.0
368,Idriss Carlos Kameni,GK,Cameroon,74.0,15.0,12.0,59.0,14.0,24.0,24.0
369,Benoît Pierre David Assou-Ekotto,DF,Cameroon,70.93333333333334,59.333333333333336,41.06666666666667,69.4,60.8,51.0,50.86666666666667
370,Nicolas Julio Nkoulou Ndoubena,DF,Cameroon,80.0,68.0,28.0,68.0,72.0,80.0,50.0
371,Rigobert Song Bahanag,DF,Cameroon,77.0,78.0,56.0,79.0,79.0,69.0,62.0
372,Sébastien Aymar Bassong Nguena,DF,Cameroon,69.0,68.0,74.0,73.0,74.0,53.0,68.0
373,Alexandre Dimitri Song Billong,MF,Cameroon,69.0,71.0,70.0,87.0,66.0,52.0,66.0
374,Landry Joel Tsafack N'Guémo,MF,Cameroon,70.93333333333334,59.333333333333336,41.06666666666667,69.4,60.8,51.0,50.86666666666667
375,Geremi Sorele Njitap Fotso,DF,Cameroon,70.93333333333334,59.333333333333336,41.06666666666667,69.4,60.8,51.0,50.86666666666667
376,Samuel Eto'o Fils,FW,Cameroon,55.0,51.0,28.0,72.0,54.0,50.0,32.0
377,Achille Emaná Edzimbi,MF,Cameroon,70.93333333333334,59.333333333333336,41.06666666666667,69.4,60.8,51.0,50.86666666666667
378,Jean II Makoun,MF,Cameroon,70.93333333333334,59.333333333333336,41.06666666666667,69.4,60.8,51.0,50.86666666666667
379,Thomas Gaëtan Bong,DF,Cameroon,67.0,48.0,28.0,74.0,58.0,66.0,39.0
380,Jean-Eric Maxim Choupo-Moting,FW,Cameroon,77.0,83.0,44.0,76.0,78.0,40.0,68.0
381,Aurélien Bayard Chedjou Fongang,DF,Cameroon,74.0,61.0,50.0,62.0,62.0,72.0,57.0
382,Pierre Achille Webó Kouamo,FW,Cameroon,70.93333333333334,59.333333333333336,41.06666666666667,69.4,60.8,51.0,50.86666666666667
383,Wassougna Souleymanou Hamidou,GK,Cameroon,70.93333333333334,59.333333333333336,41.06666666666667,69.4,60.8,51.0,50.86666666666667
384,Mohammadou Idrissou,FW,Cameroon,58.0,61.0,29.0,80.0,56.0,16.0,64.0
385,Eyong Tarkang Enoh,MF,Cameroon,70.93333333333334,59.333333333333336,41.06666666666667,69.4,60.8,51.0,50.86666666666667
386,Stéphane Mbia Etoundi,DF,Cameroon,67.0,66.0,47.0,70.0,61.0,38.0,61.0
387,Georges Constant Mandjeck,MF,Cameroon,69.0,63.0,48.0,74.0,65.0,69.0,39.0
388,Job Joël André Matip,MF,Cameroon,80.0,65.0,22.0,55.0,69.0,83.0,42.0
389,Guy Rolland N'Dy Assembé,GK,Cameroon,68.0,11.0,13.0,40.0,24.0,20.0,15.0
390,Vincent Aboubakar,FW,Cameroon,80.0,81.0,67.0,72.0,80.0,33.0,76.0
391,Thomas Løvendahl Sørensen,GK,Denmark,60.0,57.0,62.0,62.0,53.0,13.0,63.0
392,Christian Bjørnshøj Poulsen,MF,Denmark,78.0,85.0,58.0,87.0,82.0,32.0,61.0
393,Simon Thorup Kjær,DF,Denmark,67.0,70.0,57.0,81.0,64.0,44.0,58.0
394,Daniel Munthe Agger,DF,Denmark,74.0,77.0,61.0,88.0,75.0,43.0,70.0
395,William Vitved Kvist,DF,Denmark,60.0,64.0,52.0,65.0,62.0,53.0,48.0
396,Lars Christian Jacobsen,DF,Denmark,64.0,62.0,40.0,57.0,66.0,63.0,42.0
397,Daniel Monberg Jensen,MF,Denmark,64.0,65.0,58.0,78.0,69.0,38.0,51.0
398,Jesper Grønkjær,MF,Denmark,50.0,11.0,13.0,34.0,10.0,13.0,16.0
399,Jon Dahl Tomasson,FW,Denmark,67.0,57.0,57.0,73.0,64.0,62.0,50.0
400,Lars Martin Jørgensen,MF,Denmark,58.0,59.0,34.0,79.0,59.0,19.0,52.0
401,Nicklas Bendtner,FW,Denmark,72.0,69.0,45.0,58.0,70.0,29.0,84.0
402,Thomas Zeuthen Kahlenberg,MF,Denmark,82.0,75.0,56.0,63.0,82.0,76.0,65.0
403,Per Billeskov Krøldrup,DF,Denmark,66.18181818181819,60.04545454545455,48.5,65.31818181818181,60.95454545454545,41.68181818181818,55.68181818181818
404,Jakob Bendix Uhd Poulsen,MF,Denmark,73.0,69.0,77.0,70.0,71.0,68.0,82.0
405,Simon Busk Poulsen,DF,Denmark,56.0,54.0,42.0,50.0,55.0,37.0,51.0
406,Stephan Maigaard Andersen,GK,Denmark,68.0,71.0,59.0,81.0,66.0,46.0,62.0
407,Mikkel Beckmann,FW,Denmark,64.0,56.0,30.0,52.0,59.0,39.0,59.0
408,Søren Larsen,FW,Denmark,64.0,50.0,25.0,35.0,59.0,62.0,30.0
409,Dennis Rommedahl,MF,Denmark,60.0,11.0,8.0,36.0,14.0,11.0,15.0
410,Thomas Enevoldsen,MF,Denmark,65.0,58.0,66.0,64.0,63.0,12.0,66.0
411,Christian Dannemann Eriksen,MF,Denmark,65.0,68.0,40.0,76.0,60.0,24.0,52.0
412,Jesper Ringsborg Christiansen,GK,Denmark,73.0,71.0,65.0,84.0,72.0,65.0,68.0
413,Patrick Jan Mtiliga,DF,Denmark,72.0,62.0,62.0,64.0,66.0,68.0,80.0
414,Seigo Narazaki,GK,Japan,62.30769230769231,56.76923076923077,41.30769230769231,63.92307692307692,56.07692307692308,41.0,48.23076923076923
415,Yuki Abe,MF,Japan,62.30769230769231,56.76923076923077,41.30769230769231,63.92307692307692,56.07692307692308,41.0,48.23076923076923
416,Yuichi Komano,DF,Japan,60.0,65.0,52.0,68.0,63.0,18.0,53.0
417,Marcus Túlio Tanaka,DF,Japan,60.0,56.0,47.0,68.0,57.0,62.0,51.0
418,Yuto Nagatomo,DF,Japan,62.30769230769231,56.76923076923077,41.30769230769231,63.92307692307692,56.07692307692308,41.0,48.23076923076923
419,Atsuto Uchida,DF,Japan,85.0,77.0,68.0,74.0,83.0,84.0,81.0
420,Yasuhito Endō,MF,Japan,54.0,54.0,20.0,66.0,46.0,50.0,40.0
421,Daisuke Matsui,FW,Japan,85.0,78.0,52.0,83.0,79.0,86.0,56.0
422,Shinji Okazaki,FW,Japan,62.30769230769231,56.76923076923077,41.30769230769231,63.92307692307692,56.07692307692308,41.0,48.23076923076923
423,Shunsuke Nakamura,MF,Japan,49.0,48.0,31.0,60.0,45.0,38.0,38.0
424,Keiji Tamada,FW,Japan,53.0,61.0,41.0,73.0,56.0,24.0,40.0
425,Kisho Yano,FW,Japan,70.0,64.0,48.0,50.0,66.0,28.0,67.0
426,Daiki Iwamasa,DF,Japan,62.30769230769231,56.76923076923077,41.30769230769231,63.92307692307692,56.07692307692308,41.0,48.23076923076923
427,Kengo Nakamura,MF,Japan,55.0,31.0,34.0,56.0,40.0,50.0,34.0
428,Yasuyuki Konno,DF,Japan,62.30769230769231,56.76923076923077,41.30769230769231,63.92307692307692,56.07692307692308,41.0,48.23076923076923
429,Yoshito Okubo,FW,Japan,62.30769230769231,56.76923076923077,41.30769230769231,63.92307692307692,56.07692307692308,41.0,48.23076923076923
430,Makoto Hasebe,MF,Japan,60.0,65.0,32.0,73.0,59.0,20.0,46.0
431,Keisuke Honda,MF,Japan,62.30769230769231,56.76923076923077,41.30769230769231,63.92307692307692,56.07692307692308,41.0,48.23076923076923
432,Takayuki Morimoto,FW,Japan,55.0,63.0,50.0,86.0,51.0,31.0,48.0
433,Junichi Inamoto,MF,Japan,64.0,68.0,52.0,45.0,69.0,32.0,60.0
434,Eiji Kawashima,GK,Japan,60.0,8.0,10.0,29.0,15.0,10.0,13.0
435,Yuji Nakazawa,DF,Japan,62.30769230769231,56.76923076923077,41.30769230769231,63.92307692307692,56.07692307692308,41.0,48.23076923076923
436,Yoshikatsu Kawaguchi,GK,Japan,62.30769230769231,56.76923076923077,41.30769230769231,63.92307692307692,56.07692307692308,41.0,48.23076923076923
437,Maarten Stekelenburg,GK,Netherlands,73.0,12.0,13.0,30.0,31.0,26.0,23.0
438,Gregory Kurtley van der Wiel,DF,Netherlands,73.0,73.0,22.0,72.0,73.0,69.0,43.0
439,"John Gijsbert Alan ""Johnny"" Heitinga",DF,Netherlands,70.75,60.5,44.6875,65.75,65.375,41.25,57.25
440,Joris Mathijsen,DF,Netherlands,77.0,76.0,67.0,65.0,77.0,65.0,78.0
441,Giovanni Christiaan van Bronckhorst,DF,Netherlands,50.0,6.0,12.0,34.0,18.0,13.0,18.0
442,Mark Peter Gertruda Andreas van Bommel,MF,Netherlands,70.75,60.5,44.6875,65.75,65.375,41.25,57.25
443,Dirk Kuijt,FW,Netherlands,64.0,68.0,38.0,82.0,68.0,33.0,53.0
444,Nigel de Jong,MF,Netherlands,73.0,67.0,70.0,62.0,73.0,60.0,72.0
445,Robin van Persie,FW,Netherlands,78.0,80.0,81.0,73.0,86.0,31.0,84.0
446,Wesley Sneijder,MF,Netherlands,73.0,76.0,38.0,83.0,75.0,22.0,61.0
447,Arjen Robben,FW,Netherlands,84.0,89.0,81.0,87.0,88.0,37.0,78.0
448,Khalid Boulahrouz,DF,Netherlands,67.0,65.0,52.0,66.0,72.0,65.0,55.0
449,André Antonius Maria Ooijer,DF,Netherlands,70.75,60.5,44.6875,65.75,65.375,41.25,57.25
450,Demy Patrick René de Zeeuw,MF,Netherlands,70.75,60.5,44.6875,65.75,65.375,41.25,57.25
451,Edson René Braafheid,DF,Netherlands,70.75,60.5,44.6875,65.75,65.375,41.25,57.25
452,Michel Armand Vorm,GK,Netherlands,76.0,18.0,14.0,63.0,35.0,28.0,41.0
453,Eljero George Rinaldo Elia,FW,Netherlands,77.0,87.0,40.0,90.0,82.0,32.0,62.0
454,"Stephanus Johannes ""Stijn"" Schaars",MF,Netherlands,70.75,60.5,44.6875,65.75,65.375,41.25,57.25
455,Ryan Guno Babel,FW,Netherlands,79.0,82.0,50.0,77.0,80.0,34.0,70.0
456,Ibrahim Afellay,MF,Netherlands,66.0,68.0,40.0,61.0,69.0,55.0,58.0
457,Dirk Jan Klaas,FW,Netherlands,56.0,55.0,51.0,54.0,58.0,28.0,60.0
458,Sander Bernard Jozef Boschker,GK,Netherlands,66.0,46.0,46.0,53.0,61.0,62.0,60.0
459,Rafael Ferdinand van der Vaart,MF,Netherlands,70.75,60.5,44.6875,65.75,65.375,41.25,57.25
460,Gianluigi Buffon,GK,Italy,88.0,26.0,13.0,55.0,28.0,28.0,22.0
461,Christian Maggio,DF,Italy,75.0,70.0,55.0,74.0,77.0,67.0,57.0
462,Domenico,DF,Italy,66.0,66.0,64.0,66.0,68.0,55.0,65.0
463,Giorgio Chiellini,DF,Italy,90.0,58.0,31.0,54.0,57.0,88.0,50.0
464,Fabio Cannavaro,DF,Italy,72.0,74.0,60.0,79.0,75.0,25.0,70.0
465,Daniele De Rossi,MF,Italy,83.0,64.0,71.0,64.0,77.0,87.0,80.0
466,Simone Pepe,MF,Italy,67.0,64.0,41.0,65.0,64.0,19.0,56.0
467,Gennaro Ivan Gattuso,MF,Italy,71.0,70.0,41.0,80.0,72.0,36.0,68.0
468,Vincenzo Iaquinta,FW,Italy,74.0,64.0,40.0,78.0,68.0,74.0,41.0
469,Antonio Di Natale,FW,Italy,60.0,61.0,54.0,62.0,64.0,31.0,52.0
470,Alberto Gilardino,FW,Italy,68.0,11.0,13.0,49.0,19.0,11.0,15.0
471,Federico Marchetti,GK,Italy,75.0,11.0,12.0,60.0,20.0,22.0,22.0
472,Salvatore Bocchetti,DF,Italy,76.0,57.0,25.0,68.0,65.0,75.0,45.0
473,Morgan De Sanctis,GK,Italy,80.0,76.0,70.0,79.0,79.0,75.0,68.0
474,Claudio Marchisio,MF,Italy,63.0,67.0,58.0,75.0,66.0,33.0,60.0
475,Mauro Germán Camoranesi Serra,MF,Italy,62.0,59.0,59.0,71.0,71.0,37.0,58.0
476,Angelo Palombo,MF,Italy,67.0,68.0,68.0,83.0,68.0,37.0,66.0
477,Fabio Quagliarella,FW,Italy,82.0,77.0,78.0,71.0,82.0,26.0,84.0
478,Gianluca Zambrotta,DF,Italy,54.0,13.0,13.0,22.0,16.0,8.0,11.0
479,Giampaolo Pazzini,FW,Italy,73.0,65.0,40.0,71.0,72.0,20.0,86.0
480,Andrea Pirlo,MF,Italy,77.0,79.0,68.0,75.0,80.0,74.0,68.0
481,Riccardo Montolivo,MF,Italy,69.0,59.0,45.0,71.0,69.0,20.0,72.0
482,Leonardo Bonucci,DF,Italy,86.0,69.0,61.0,60.0,75.0,90.0,70.0
483,Mark Nelson Paston,GK,New Zealand,65.0,61.0,33.0,76.0,67.0,59.0,40.0
484,Benjamin Robert Sigmund,DF,New Zealand,77.0,75.0,78.0,70.0,77.0,71.0,76.0
485,Tony James Lochhead,DF,New Zealand,61.0,61.0,55.0,64.0,60.0,66.0,63.0
486,Winston Wiremu Reid,DF,New Zealand,76.0,43.0,38.0,51.0,54.0,76.0,55.0
487,Ivan Robert Vicelich,DF,New Zealand,62.0,66.0,45.0,62.0,65.0,59.0,39.0
488,Ryan William Nelsen,DF,New Zealand,67.0,67.0,41.0,84.0,67.0,20.0,55.0
489,Simon John Elliott,MF,New Zealand,67.0,60.0,48.0,74.0,68.0,39.0,57.0
490,Tim Brown,MF,New Zealand,51.0,53.0,39.0,58.0,50.0,29.0,45.0
491,Shane Edward Smeltz,FW,New Zealand,73.0,77.0,54.0,78.0,77.0,65.0,67.0
492,Christopher John Killen,FW,New Zealand,72.0,45.0,36.0,62.0,69.0,69.0,55.0
493,Leonida Christos Bertos,MF,New Zealand,47.0,39.0,20.0,38.0,40.0,16.0,43.0
494,Glen Robert Moss,GK,New Zealand,63.0,22.0,14.0,42.0,12.0,21.0,15.0
495,Andrew Barron,MF,New Zealand,64.0,72.0,64.0,86.0,66.0,26.0,59.0
496,Rory Michael Fallon,FW,New Zealand,68.0,67.0,39.0,89.0,66.0,49.0,57.0
497,Michael Ryan McGlinchey,MF,New Zealand,62.0,60.0,67.0,79.0,61.0,63.0,62.0
498,Aaron Daniel Clapham,MF,New Zealand,62.0,46.0,42.0,35.0,60.0,26.0,68.0
499,David James Mulligan,MF,New Zealand,64.0,57.0,41.0,69.0,63.0,26.0,68.0
500,Andrew Victor Boyens,DF,New Zealand,66.0,43.0,24.0,59.0,54.0,60.0,43.0
501,Thomas Jefferson Smith,DF,New Zealand,69.0,40.0,32.0,60.0,59.0,65.0,34.0
502,Christopher Grant Wood,FW,New Zealand,66.0,69.0,63.0,85.0,67.0,68.0,49.0
503,Jeremy John Christie,MF,New Zealand,74.0,74.0,63.0,82.0,73.0,64.0,51.0
504,Jeremy Russell Brockie,MF,New Zealand,70.0,61.0,46.0,67.0,70.0,28.0,66.0
505,James Bannatyne,GK,New Zealand,53.0,56.0,38.0,67.0,56.0,44.0,45.0
506,Justo Wilmar Villar Viveros,GK,Paraguay,77.0,21.0,22.0,50.0,24.0,22.0,21.0
507,Darío Anastacio Verón Maldonado,DF,Paraguay,69.72222222222223,52.333333333333336,44.888888888888886,58.22222222222222,56.72222222222222,47.833333333333336,51.333333333333336
508,Claudio Marcelo Morel Rodríguez,DF,Paraguay,77.0,59.0,42.0,54.0,73.0,78.0,53.0
509,Denis Ramón Caniza Acuña,DF,Paraguay,69.72222222222223,52.333333333333336,44.888888888888886,58.22222222222222,56.72222222222222,47.833333333333336,51.333333333333336
510,Julio César Cáceres López,DF,Paraguay,57.0,65.0,44.0,66.0,64.0,30.0,56.0
511,Carlos Bonet Cáceres,DF,Paraguay,69.0,11.0,12.0,31.0,17.0,6.0,18.0
512,Óscar René Cardozo Marín,FW,Paraguay,75.0,78.0,68.0,85.0,77.0,37.0,76.0
513,Édgar Osvaldo Barreto Cáceres,MF,Paraguay,73.0,68.0,76.0,66.0,74.0,76.0,60.0
514,Roque Luis Santa Cruz Cantero,FW,Paraguay,69.72222222222223,52.333333333333336,44.888888888888886,58.22222222222222,56.72222222222222,47.833333333333336,51.333333333333336
515,Édgar Milciades Benítez Santander,FW,Paraguay,69.72222222222223,52.333333333333336,44.888888888888886,58.22222222222222,56.72222222222222,47.833333333333336,51.333333333333336
516,Jonathan Santana Gehre,MF,Paraguay,58.0,57.0,33.0,71.0,53.0,42.0,45.0
517,Diego Daniel Barreto Cáceres,GK,Paraguay,73.0,68.0,76.0,66.0,74.0,76.0,60.0
518,Enrique Daniel Vera Torres,MF,Paraguay,68.0,65.0,41.0,75.0,69.0,33.0,58.0
519,Paulo César da Silva Barrios,DF,Paraguay,72.0,52.0,48.0,60.0,57.0,70.0,63.0
520,Víctor Javier Cáceres Centurión,MF,Paraguay,75.0,67.0,59.0,62.0,71.0,80.0,63.0
521,Cristian Miguel Riveros Núñez,MF,Paraguay,58.0,57.0,48.0,55.0,55.0,56.0,46.0
522,Aureliano Torres Román,DF,Paraguay,70.0,34.0,23.0,34.0,55.0,63.0,50.0
523,Nelson Antonio Haedo Valdez,FW,Paraguay,68.0,69.0,35.0,78.0,70.0,40.0,64.0
524,Lucas Ramón Barrios Cáceres,FW,Paraguay,67.0,17.0,21.0,35.0,18.0,25.0,21.0
525,Néstor Ezequiel Ortigoza,MF,Paraguay,71.0,62.0,67.0,51.0,74.0,71.0,80.0
526,Antolín Alcaraz Viveros,DF,Paraguay,77.0,21.0,22.0,50.0,24.0,22.0,21.0
527,Aldo Antonio Bobadilla Ávalos,GK,Paraguay,70.0,71.0,71.0,59.0,72.0,34.0,69.0
528,Rodolfo Vicente Gamarra Varela,FW,Paraguay,69.72222222222223,52.333333333333336,44.888888888888886,58.22222222222222,56.72222222222222,47.833333333333336,51.333333333333336
529,Ján Mucha,GK,Slovakia,63.0,12.0,12.0,48.0,22.0,24.0,32.0
530,Peter Pekarík,DF,Slovakia,75.0,73.0,39.0,73.0,76.0,75.0,49.0
531,Martin Škrtel,DF,Slovakia,80.0,46.0,27.0,49.0,57.0,79.0,39.0
532,Marek Čech,DF,Slovakia,66.0,12.0,20.0,38.0,21.0,16.0,12.0
533,Radoslav Zabavník,DF,Slovakia,67.0,65.0,50.0,62.0,67.0,44.0,45.0
534,Zdeno Štrba,MF,Slovakia,69.31818181818181,54.27272727272727,45.72727272727273,64.95454545454545,59.09090909090909,47.22727272727273,50.54545454545455
535,Vladimír Weiss,MF,Slovakia,77.0,75.0,69.0,82.0,78.0,69.0,76.0
536,Ján Kozák,MF,Slovakia,62.0,47.0,50.0,66.0,59.0,59.0,64.0
537,Stanislav Šesták,MF,Slovakia,71.0,69.0,51.0,71.0,71.0,34.0,61.0
538,Marek Sapara,MF,Slovakia,67.0,54.0,54.0,64.0,69.0,67.0,55.0
539,Róbert Vittek,FW,Slovakia,68.0,68.0,53.0,85.0,69.0,17.0,56.0
540,Dušan Perniš,GK,Slovakia,85.0,84.0,75.0,78.0,85.0,69.0,76.0
541,Filip Hološko,FW,Slovakia,73.0,68.0,61.0,79.0,70.0,69.0,42.0
542,Martin Jakubko,FW,Slovakia,65.0,66.0,43.0,71.0,61.0,12.0,54.0
543,Miroslav Stoch,MF,Slovakia,75.0,80.0,74.0,89.0,78.0,33.0,72.0
544,Ján Ďurica,DF,Slovakia,63.0,12.0,12.0,48.0,22.0,24.0,32.0
545,Marek Hamšík,MF,Slovakia,67.0,69.0,61.0,59.0,60.0,66.0,66.0
546,Erik Jendrišek,FW,Slovakia,63.0,56.0,45.0,68.0,57.0,60.0,30.0
547,Juraj Kucka,MF,Slovakia,77.0,75.0,69.0,72.0,75.0,78.0,71.0
548,Kamil Kopúnek,MF,Slovakia,61.0,58.0,31.0,68.0,60.0,25.0,64.0
549,Kornel Saláta,DF,Slovakia,63.0,32.0,31.0,46.0,56.0,62.0,44.0
550,Martin Petráš,DF,Slovakia,65.0,62.0,68.0,74.0,63.0,40.0,59.0
551,Dušan Kuciak,GK,Slovakia,72.0,11.0,11.0,39.0,24.0,17.0,13.0
552,Júlio César Soares de Espíndola,GK,Brazil,73.0,65.0,70.0,62.0,68.0,73.0,65.0
553,Maicon Douglas Sisenando,DF,Brazil,70.0,39.0,43.0,63.0,64.0,71.0,46.0
554,Lucimar Ferreira da Silva,DF,Brazil,72.0,77.0,66.0,88.0,73.0,25.0,72.0
555,Juan Silveira dos Santos,DF,Brazil,64.0,35.0,22.0,43.0,54.0,69.0,35.0
556,Felipe Melo de Carvalho,MF,Brazil,83.0,78.0,50.0,51.0,80.0,81.0,60.0
557,Michel Fernandes Bastos,DF,Brazil,73.0,71.0,62.0,71.0,70.0,37.0,70.0
558,Elano Blumer,MF,Brazil,73.0,74.0,58.0,81.0,76.0,59.0,49.0
559,Gilberto Aparecido da Silva,MF,Brazil,64.0,51.0,40.0,65.0,57.0,22.0,59.0
560,Luís Fabiano Clemente,FW,Brazil,69.0,64.0,39.0,68.0,67.0,26.0,54.0
561,Ricardo Izecson dos Santos Leite,MF,Brazil,68.0,62.0,69.0,70.0,65.0,65.0,59.0
562,Robson de Souza,FW,Brazil,85.0,92.0,78.0,93.0,91.0,48.0,77.0
563,Heurelho da Silva Gomes,GK,Brazil,76.0,15.0,13.0,56.0,25.0,20.0,41.0
564,Daniel Alves da Silva,DF,Brazil,67.0,70.0,45.0,81.0,72.0,30.0,50.0
565,Ânderson Luís da Silva,DF,Brazil,70.0,59.0,62.0,63.0,65.0,20.0,71.0
566,Thiago Emiliano da Silva,DF,Brazil,88.0,62.0,64.0,68.0,80.0,89.0,60.0
567,Gilberto da Silva Melo,DF,Brazil,84.0,77.0,59.0,58.0,82.0,40.0,75.0
568,Josué Anunciado de Oliveira,MF,Brazil,67.0,70.0,58.0,79.0,69.0,40.0,59.0
569,Ramires Santos do Nascimento,MF,Brazil,82.0,87.0,61.0,80.0,84.0,70.0,67.0
570,Júlio César Clemente Pereira Baptista,MF,Brazil,72.33333333333333,62.333333333333336,51.76190476190476,67.33333333333333,67.57142857142857,48.95238095238095,59.0
571,José Kléberson Pereira,MF,Brazil,58.0,65.0,41.0,59.0,63.0,18.0,66.0
572,Nilmar Honorato da Silva,FW,Brazil,70.0,69.0,59.0,72.0,70.0,68.0,69.0
573,Donieber Alexander Marangon,GK,Brazil,63.0,27.0,28.0,43.0,44.0,57.0,35.0
574,Edinaldo Batista Libânio,FW,Brazil,72.33333333333333,62.333333333333336,51.76190476190476,67.33333333333333,67.57142857142857,48.95238095238095,59.0
575,"Boubacar ""Copa"" Barry",GK,Ivory Coast,72.0,62.0,43.0,56.0,73.0,68.0,63.0
576,Brou Benjamin Angoua,DF,Ivory Coast,77.0,75.0,46.0,73.0,76.0,73.0,66.0
577,Etienne Arthur Boka,DF,Ivory Coast,70.07142857142857,64.21428571428571,44.07142857142857,64.92857142857143,66.0,45.285714285714285,54.285714285714285
578,Kolo Abib Touré,DF,Ivory Coast,70.07142857142857,64.21428571428571,44.07142857142857,64.92857142857143,66.0,45.285714285714285,54.285714285714285
579,Déguy Alain Didier Zokora,MF,Ivory Coast,70.07142857142857,64.21428571428571,44.07142857142857,64.92857142857143,66.0,45.285714285714285,54.285714285714285
580,Lohoré Steve Ulrich Gohouri,DF,Ivory Coast,70.07142857142857,64.21428571428571,44.07142857142857,64.92857142857143,66.0,45.285714285714285,54.285714285714285
581,Seydou Doumbia,FW,Ivory Coast,76.0,74.0,69.0,70.0,73.0,29.0,80.0
582,Salomon Armand Magloire Kalou,FW,Ivory Coast,79.0,87.0,62.0,76.0,86.0,32.0,85.0
583,Cheick Ismaël Tioté,MF,Ivory Coast,68.0,72.0,40.0,66.0,69.0,30.0,56.0
584,Gervais Yao Kouassi,FW,Ivory Coast,78.0,80.0,43.0,88.0,78.0,39.0,63.0
585,Didier Yves Drogba Tébily,FW,Ivory Coast,70.07142857142857,64.21428571428571,44.07142857142857,64.92857142857143,66.0,45.285714285714285,54.285714285714285
586,Jean-Jacques Gosso Gosso,MF,Ivory Coast,70.07142857142857,64.21428571428571,44.07142857142857,64.92857142857143,66.0,45.285714285714285,54.285714285714285
587,Koffi Christian Romaric N'Dri,MF,Ivory Coast,70.0,66.0,41.0,66.0,74.0,29.0,68.0
588,Kouamatien Emmanuel Koné,MF,Ivory Coast,66.0,65.0,28.0,71.0,63.0,62.0,32.0
589,Aruna Dindane,FW,Ivory Coast,62.0,64.0,32.0,66.0,62.0,38.0,41.0
590,Aristide Benoît Zogbo,GK,Ivory Coast,70.07142857142857,64.21428571428571,44.07142857142857,64.92857142857143,66.0,45.285714285714285,54.285714285714285
591,Siaka Tiéné,DF,Ivory Coast,70.07142857142857,64.21428571428571,44.07142857142857,64.92857142857143,66.0,45.285714285714285,54.285714285714285
592,Abdul Kader Keïta,MF,Ivory Coast,62.0,62.0,64.0,59.0,65.0,30.0,57.0
593,Gnégnéri Yaya Touré,MF,Ivory Coast,70.07142857142857,64.21428571428571,44.07142857142857,64.92857142857143,66.0,45.285714285714285,54.285714285714285
594,Guy Roland Demel,DF,Ivory Coast,68.0,11.0,13.0,40.0,24.0,20.0,15.0
595,Emmanuel Eboué,DF,Ivory Coast,59.0,62.0,48.0,65.0,56.0,45.0,49.0
596,Souleymane Bamba,DF,Ivory Coast,76.0,60.0,16.0,32.0,58.0,79.0,19.0
597,Daniel Yéboah Tétchi,GK,Ivory Coast,68.0,59.0,72.0,81.0,67.0,60.0,66.0
598,Ri Myong-guk,GK,North Korea,63.833333333333336,43.5,35.666666666666664,59.166666666666664,47.5,32.166666666666664,41.666666666666664
599,Cha Jong-Hyok,DF,North Korea,63.833333333333336,43.5,35.666666666666664,59.166666666666664,47.5,32.166666666666664,41.666666666666664
600,Ri Jun-Il,DF,North Korea,63.833333333333336,43.5,35.666666666666664,59.166666666666664,47.5,32.166666666666664,41.666666666666664
601,Pak Nam-chol,MF,North Korea,63.833333333333336,43.5,35.666666666666664,59.166666666666664,47.5,32.166666666666664,41.666666666666664
602,Ri Kwang-chon,DF,North Korea,63.833333333333336,43.5,35.666666666666664,59.166666666666664,47.5,32.166666666666664,41.666666666666664
603,Kim Kum-il,FW,North Korea,73.0,13.0,15.0,48.0,25.0,19.0,42.0
604,An Chol-Hyok,FW,North Korea,66.0,59.0,40.0,55.0,63.0,18.0,56.0
605,Ji Yun-Nam,DF,North Korea,59.0,58.0,51.0,73.0,58.0,19.0,49.0
606,Jong Tae-se,FW,North Korea,63.0,59.0,38.0,73.0,62.0,59.0,36.0
607,Hong Yong-Jo,FW,North Korea,63.833333333333336,43.5,35.666666666666664,59.166666666666664,47.5,32.166666666666664,41.666666666666664
608,Mun In-Guk,MF,North Korea,63.833333333333336,43.5,35.666666666666664,59.166666666666664,47.5,32.166666666666664,41.666666666666664
609,Choe Kum-Chol,FW,North Korea,63.833333333333336,43.5,35.666666666666664,59.166666666666664,47.5,32.166666666666664,41.666666666666664
610,Pak Chol-jin,DF,North Korea,62.0,14.0,23.0,43.0,19.0,18.0,22.0
611,Pak Nam-chol,DF,North Korea,63.833333333333336,43.5,35.666666666666664,59.166666666666664,47.5,32.166666666666664,41.666666666666664
612,Kim Yong-Jun,MF,North Korea,60.0,58.0,47.0,63.0,58.0,60.0,45.0
613,Nam Song Chol,DF,North Korea,63.833333333333336,43.5,35.666666666666664,59.166666666666664,47.5,32.166666666666664,41.666666666666664
614,An Yong-Hak,MF,North Korea,63.833333333333336,43.5,35.666666666666664,59.166666666666664,47.5,32.166666666666664,41.666666666666664
615,Kim Myong-gil,GK,North Korea,63.833333333333336,43.5,35.666666666666664,59.166666666666664,47.5,32.166666666666664,41.666666666666664
616,Ri Chol-myong,MF,North Korea,63.833333333333336,43.5,35.666666666666664,59.166666666666664,47.5,32.166666666666664,41.666666666666664
617,Kim Myong-won,GK,North Korea,63.833333333333336,43.5,35.666666666666664,59.166666666666664,47.5,32.166666666666664,41.666666666666664
618,Ri Kwang-hyok,DF,North Korea,63.833333333333336,43.5,35.666666666666664,59.166666666666664,47.5,32.166666666666664,41.666666666666664
619,Kim Kyong-il,MF,North Korea,63.833333333333336,43.5,35.666666666666664,59.166666666666664,47.5,32.166666666666664,41.666666666666664
620,Pak Sung-hyok,DF,North Korea,63.833333333333336,43.5,35.666666666666664,59.166666666666664,47.5,32.166666666666664,41.666666666666664
621,Eduardo dos Reis Carvalho,GK,Portugal,74.0,11.0,14.0,58.0,32.0,22.0,37.0
622,Bruno Eduardo Regufe Alves,DF,Portugal,73.0,64.0,78.0,66.0,63.0,63.0,73.0
623,Paulo Renato Rebocho Ferreira,DF,Portugal,71.04761904761905,56.285714285714285,43.904761904761905,64.95238095238095,58.61904761904762,43.04761904761905,51.23809523809524
624,Rolando Jorge Pires da Fonseca,DF,Portugal,70.0,77.0,46.0,76.0,75.0,28.0,59.0
625,Sérgio Paulo Barbosa Valente,MF,Portugal,62.0,12.0,10.0,32.0,14.0,14.0,11.0
626,Ricardo Alberto Silveira de Carvalho,DF,Portugal,83.0,78.0,50.0,51.0,80.0,81.0,60.0
627,Portuguese professional footballer,FW,Portugal,71.04761904761905,56.285714285714285,43.904761904761905,64.95238095238095,58.61904761904762,43.04761904761905,51.23809523809524
628,Pedro Miguel da Silva Mendes,MF,Portugal,70.0,59.0,62.0,63.0,65.0,20.0,71.0
629,Liédson da Silva Muniz,FW,Portugal,79.0,84.0,72.0,86.0,83.0,46.0,72.0
630,Daniel Miguel Alves Gomes,MF,Portugal,63.0,59.0,67.0,68.0,58.0,56.0,48.0
631,Simão Pedro da Fonseca Sabrosa,MF,Portugal,67.0,64.0,33.0,65.0,59.0,17.0,62.0
632,António Alberto Bastos Pimparel,GK,Portugal,76.0,14.0,10.0,69.0,18.0,12.0,23.0
633,Luís Miguel Brito Garcia Monteiro,DF,Portugal,67.0,66.0,56.0,76.0,68.0,37.0,60.0
634,Miguel Luís Pinto Veloso,MF,Portugal,73.0,73.0,81.0,69.0,82.0,71.0,73.0
635,Kepler Laveran de Lima Ferreira,DF,Portugal,85.0,58.0,47.0,63.0,62.0,85.0,57.0
636,Raul José Trindade Meireles,MF,Portugal,73.0,76.0,71.0,79.0,75.0,18.0,68.0
637,Rúben Filipe Marques Amorim,MF,Portugal,70.0,43.0,31.0,45.0,52.0,71.0,45.0
638,Hugo Miguel Pereira de Almeida,FW,Portugal,64.0,58.0,26.0,78.0,62.0,66.0,31.0
639,Tiago Cardoso Mendes,MF,Portugal,66.0,62.0,31.0,67.0,62.0,13.0,61.0
640,Anderson Luís de Souza,MF,Portugal,60.0,53.0,35.0,73.0,48.0,57.0,39.0
641,Ricardo Miguel Moreira da Costa,DF,Portugal,67.0,68.0,39.0,65.0,63.0,36.0,53.0
642,Daniel Márcio Fernandes,GK,Portugal,73.0,22.0,12.0,39.0,31.0,16.0,19.0
643,Fábio Alexandre da Silva Coentrão,DF,Portugal,77.0,81.0,51.0,76.0,79.0,75.0,54.0
644,Claudio Andrés Bravo Muñoz,GK,Chile,72.0,70.0,34.0,75.0,71.0,16.0,70.0
645,Ismael Ignacio Fuentes Castro,DF,Chile,61.0,59.0,39.0,56.0,60.0,47.0,58.0
646,Waldo Alonso Ponce Carrizo,DF,Chile,76.0,74.0,51.0,70.0,74.0,70.0,66.0
647,Mauricio Aníbal Isla Isla,MF,Chile,75.0,75.0,64.0,84.0,73.0,73.0,68.0
648,Pablo Andrés Contreras Fica,DF,Chile,63.0,41.0,35.0,59.0,65.0,62.0,38.0
649,Carlos Emilio Carmona Tello,MF,Chile,54.0,29.0,24.0,48.0,32.0,49.0,39.0
650,Alexis Alejandro Sánchez Sánchez,FW,Chile,84.0,85.0,78.0,90.0,86.0,46.0,74.0
651,Arturo Erasmo Vidal Pardo,MF,Chile,85.0,77.0,68.0,74.0,83.0,84.0,81.0
652,Humberto Andrés Suazo Pontivo,FW,Chile,68.0,65.0,63.0,71.0,66.0,37.0,68.0
653,Jorge Luis Valdivia Toro,MF,Chile,77.0,76.0,67.0,77.0,78.0,46.0,76.0
654,Mark Dennis González Hoffmann,FW,Chile,69.85714285714286,54.142857142857146,43.095238095238095,63.04761904761905,58.523809523809526,48.714285714285715,52.76190476190476
655,Miguel Ángel Pinto Jerez,GK,Chile,68.0,45.0,34.0,53.0,52.0,64.0,52.0
656,Marco Andrés Estrada Quinteros,MF,Chile,66.0,64.0,45.0,67.0,70.0,54.0,50.0
657,Matías Ariel Fernández Fernández,MF,Chile,80.0,78.0,61.0,75.0,81.0,77.0,62.0
658,Jean André Emanuel Beausejour Coliqueo,FW,Chile,74.0,71.0,67.0,89.0,74.0,67.0,68.0
659,Fabián Ariel Orellana Valenzuela,FW,Chile,54.0,57.0,29.0,57.0,50.0,17.0,58.0
660,Gary Alexis Medel Soto,DF,Chile,79.0,63.0,45.0,78.0,71.0,81.0,58.0
661,Gonzalo Alejandro Jara Reyes,DF,Chile,65.0,10.0,15.0,34.0,18.0,12.0,13.0
662,Gonzalo Antonio Fierro Caniullán,MF,Chile,69.85714285714286,54.142857142857146,43.095238095238095,63.04761904761905,58.523809523809526,48.714285714285715,52.76190476190476
663,Rodrigo Javier Millar Carvajal,MF,Chile,67.0,11.0,12.0,35.0,20.0,19.0,21.0
664,Rodrigo Álvaro Tello Valenzuela,MF,Chile,71.0,67.0,38.0,80.0,65.0,68.0,54.0
665,Esteban Efraín Paredes Quintanilla,FW,Chile,71.0,13.0,23.0,29.0,21.0,26.0,17.0
666,Luis Antonio Marín Barahona,GK,Chile,57.0,7.0,13.0,23.0,19.0,8.0,17.0
667,Ricardo Gabriel Canales Lanza,GK,Honduras,74.0,78.0,74.0,73.0,77.0,53.0,63.0
668,Osman Danilo Chávez Güity,DF,Honduras,69.13333333333334,61.666666666666664,48.6,66.33333333333333,61.8,50.86666666666667,57.2
669,Maynor Alexis Figueroa Róchez,DF,Honduras,67.0,63.0,72.0,62.0,61.0,70.0,64.0
670,Johnny Eulogio Palacios Suazo,DF,Honduras,69.13333333333334,61.666666666666664,48.6,66.33333333333333,61.8,50.86666666666667,57.2
671,Víctor Salvador Bernárdez Blanco,DF,Honduras,64.0,52.0,39.0,66.0,53.0,38.0,70.0
672,Hendry Bernardo Thomas Suazo,MF,Honduras,69.13333333333334,61.666666666666664,48.6,66.33333333333333,61.8,50.86666666666667,57.2
673,Ramón Fernando Núñez Reyes,MF,Honduras,60.0,68.0,37.0,56.0,62.0,19.0,65.0
674,Wilson Roberto Palacios Suazo,MF,Honduras,89.0,80.0,76.0,77.0,82.0,48.0,85.0
675,Carlos Alberto Pavón Plummer,FW,Honduras,77.0,78.0,68.0,76.0,76.0,34.0,72.0
676,Jerry Nelson Palacios Suazo,FW,Honduras,67.0,47.0,27.0,48.0,50.0,69.0,38.0
677,Óscar David Suazo Velázquez,FW,Honduras,69.0,45.0,31.0,65.0,43.0,74.0,40.0
678,Georgie Wilson Welcome Collins,FW,Honduras,62.0,55.0,28.0,66.0,58.0,58.0,55.0
679,Roger Aníbal Espinoza Ramírez,FW,Honduras,66.0,14.0,19.0,31.0,23.0,18.0,20.0
680,Óscar Boniek García Ramírez,DF,Honduras,68.0,67.0,55.0,74.0,71.0,61.0,71.0
681,Walter Julián Martínez Ramos,FW,Honduras,69.13333333333334,61.666666666666664,48.6,66.33333333333333,61.8,50.86666666666667,57.2
682,Mauricio Alberto Sabillón Peña,DF,Honduras,66.0,73.0,43.0,77.0,66.0,62.0,51.0
683,Édgar,MF,Honduras,69.13333333333334,61.666666666666664,48.6,66.33333333333333,61.8,50.86666666666667,57.2
684,Noel Eduardo Valladares Bonilla,GK,Honduras,69.13333333333334,61.666666666666664,48.6,66.33333333333333,61.8,50.86666666666667,57.2
685,Danilo Elvis Turcios Funez,MF,Honduras,69.13333333333334,61.666666666666664,48.6,66.33333333333333,61.8,50.86666666666667,57.2
686,Amado Guevara,MF,Honduras,76.0,76.0,62.0,76.0,76.0,71.0,62.0
687,Emilio Arturo Izaguirre Girón,DF,Honduras,69.0,69.0,53.0,73.0,67.0,64.0,53.0
688,Donis Salatiel Escober Izaguirre,GK,Honduras,69.13333333333334,61.666666666666664,48.6,66.33333333333333,61.8,50.86666666666667,57.2
689,Sergio Giovany Mendoza Escobar,DF,Honduras,63.0,60.0,45.0,75.0,62.0,24.0,49.0
690,Iker Casillas Fernández,GK,Spain,71.0,71.0,55.0,75.0,71.0,33.0,62.0
691,Raúl Albiol Tortajada,DF,Spain,84.0,59.0,45.0,53.0,71.0,86.0,37.0
692,Gerard Piqué Bernabeu,DF,Spain,88.0,63.0,43.0,58.0,82.0,88.0,69.0
693,Carlos Marchena López,DF,Spain,65.0,56.0,51.0,69.0,45.0,58.0,54.0
694,Carles Puyol Saforcada,DF,Spain,75.0,77.0,58.0,74.0,78.0,40.0,69.0
695,Andrés Iniesta Luján,MF,Spain,85.0,88.0,70.0,79.0,91.0,65.0,71.0
696,David Villa Sánchez,FW,Spain,84.0,63.0,27.0,60.0,73.0,82.0,44.0
697,Xavier Hernández Creus,MF,Spain,67.0,60.0,30.0,53.0,66.0,65.0,40.0
698,Fernando José Torres Sanz,FW,Spain,73.0,67.0,78.0,60.0,73.0,67.0,75.0
699,Francesc,MF,Spain,70.0,68.0,33.0,59.0,71.0,66.0,46.0
700,Joan Capdevila Méndez,DF,Spain,64.0,56.0,40.0,63.0,59.0,62.0,49.0
701,Víctor Valdés Arribas,GK,Spain,55.0,48.0,25.0,49.0,49.0,13.0,55.0
702,Juan Manuel Mata García,MF,Spain,71.0,72.0,36.0,72.0,71.0,14.0,66.0
703,Xabier Alonso Olano,MF,Spain,62.0,57.0,53.0,62.0,64.0,52.0,48.0
704,Sergio Ramos García,DF,Spain,90.0,65.0,72.0,78.0,83.0,88.0,82.0
705,Sergio Busquets Burgos,MF,Spain,89.0,80.0,68.0,66.0,88.0,87.0,60.0
706,Álvaro Arbeloa Coca,DF,Spain,71.0,68.0,55.0,74.0,68.0,68.0,59.0
707,Pedro Eliezer Rodríguez Ledesma,FW,Spain,82.0,84.0,57.0,82.0,85.0,49.0,66.0
708,Fernando Javier Llorente Torres,FW,Spain,73.0,40.0,33.0,40.0,50.0,72.0,36.0
709,Javier,MF,Spain,65.0,61.0,46.0,53.0,60.0,62.0,41.0
710,David Josué Jiménez Silva,MF,Spain,79.0,64.0,46.0,51.0,76.0,80.0,50.0
711,Jesús Navas González,MF,Spain,53.0,52.0,39.0,57.0,54.0,17.0,53.0
712,José Manuel,GK,Spain,72.0,77.0,55.0,89.0,78.0,68.0,62.0
713,Diego Orlando Benaglio,GK,Switzerland,75.0,16.0,13.0,44.0,22.0,22.0,23.0
714,Stephan Lichtsteiner,DF,Switzerland,77.0,74.0,66.0,73.0,76.0,79.0,64.0
715,Ludovic Magnin,DF,Switzerland,76.0,79.0,52.0,79.0,80.0,67.0,65.0
716,Philippe Sylvain Senderos,DF,Switzerland,70.0,71.0,70.0,63.0,70.0,65.0,46.0
717,Steve von Bergen,DF,Switzerland,74.0,35.0,18.0,62.0,59.0,75.0,46.0
718,"Benjamin ""Beni"" Huggel",MF,Switzerland,56.0,13.0,11.0,34.0,17.0,3.0,19.0
719,Tranquillo Barnetta,MF,Switzerland,71.0,68.0,73.0,66.0,70.0,58.0,70.0
720,Gökhan İnler,MF,Switzerland,74.0,71.0,68.0,56.0,73.0,72.0,74.0
721,Alexander Frei,FW,Switzerland,62.0,26.0,24.0,50.0,53.0,62.0,31.0
722,Isetsima Blaise Nkufo,FW,Switzerland,69.4090909090909,57.45454545454545,51.54545454545455,63.59090909090909,60.22727272727273,51.86363636363637,52.40909090909091
723,Valon Behrami,MF,Switzerland,76.0,70.0,68.0,70.0,74.0,74.0,67.0
724,Marco Wölfli,GK,Switzerland,68.0,15.0,14.0,46.0,14.0,23.0,11.0
725,Stéphane Grichting,DF,Switzerland,47.0,41.0,30.0,55.0,46.0,35.0,35.0
726,Marco Padalino,MF,Switzerland,65.0,63.0,60.0,71.0,58.0,62.0,40.0
727,Hakan Yakin,MF,Switzerland,58.0,63.0,33.0,57.0,36.0,60.0,48.0
728,Gelson da Conceição Tavares Fernandes,MF,Switzerland,73.0,74.0,53.0,91.0,71.0,34.0,67.0
729,Reto Pirmin Ziegler,DF,Switzerland,70.0,66.0,72.0,51.0,71.0,69.0,68.0
730,Albert Bunjaku,FW,Switzerland,76.0,73.0,72.0,85.0,77.0,38.0,69.0
731,Eren Derdiyok,FW,Switzerland,73.0,66.0,64.0,53.0,72.0,26.0,67.0
732,Pirmin Schwegler,MF,Switzerland,75.0,72.0,72.0,72.0,75.0,75.0,66.0
733,Johnny Leoni,GK,Switzerland,60.0,52.0,53.0,60.0,54.0,57.0,50.0
734,Mario Eggimann,DF,Switzerland,69.0,70.0,64.0,77.0,73.0,30.0,62.0
735,Xherdan Shaqiri,MF,Switzerland,82.0,86.0,84.0,84.0,84.0,55.0,65.0
